Song Name,Lyrics
Kiss It Better,"Kiss it, kiss it better, baby
Kiss it, kiss it better, baby
Been waiting on that sunshine
Boy, I think I need that back
Can't do it like that
No one else gonna get it like that
So I argue, you yell, had to take me back
Who cares when it feels like crack?
Boy you know that you always do it right
Man, fuck your pride, just take it on back, boy
Take it on back boy, take it back all night
Just take it on back, take it on back
Mmm, do what you gotta do, keep me up all night
Hurting bad man, and it hurts inside when I look you in your eye
What are you willing to do?
Oh, tell me what you're willing to do?
Kiss it, kiss it better, baby
What are you willing to do?
Oh, tell me what you're willing to do?
Kiss it, kiss it better, baby
Been waiting on that sunshine
Boy, I think I need that back
Can't do it like that
No one else gonna get it like that
So I argue, you yell, had to take me back
Who cares when it feels like crack?
Boy, you know that you always do it right
Man, fuck your pride, just take it on back, boy
Take it on back boy, take it back all night
Just take it on back, take it on back
Mmm, do what you gotta do, keep me up all night
Hurting bad man, and it hurts inside when I look you in your eye
What are you willing to do?
Oh, tell me what you're willing to do?
Kiss it, kiss it better, baby
What are you willing to do?
Oh, tell me what you're willing to do?
Kiss it, kiss it better, baby
I've been waiting up all night
Baby, tell me what's wrong
Go on and make it right
Make it all night long
I've been waiting up all night
Baby, tell me what's wrong
Go on and make it right
Make it all night long
Man, fuck your pride, just take it on back, boy
Take it on back boy, take it back all night
Just take it on back, take it on back
Mmm, do what you gotta do, keep me up all night
Hurting bad man, and it hurts inside when I look you in your eye
What are you willing to do?
Oh, tell me what you're willing to do?
Kiss it, kiss it better, baby
What are you willing to do?
Oh, tell me what you're willing to do?
Kiss it, kiss it better, baby
What are you willing to do?
Oh, tell me what you're willing to do?
Kiss it, kiss it better, baby
What are you willing to do?
Oh, tell me what you're willing to do?
Kiss it, kiss it better baby"
Umbrella,"Uh huh, uh huh
Yeah, Rihanna
Uh huh, uh huh
Good girl gone bad
Uh huh, uh huh
Take three, action
Uh huh, uh huh, Hov
No clouds in my stones
Let it rain, I hydroplane in the bank
Comin' down at the Dow Jones
When the clouds come, we gone
We Rocafella
We fly higher than weather
In G5s or better
You know me
In anticipation for precipitation stack chips for the rainy day
Rain Man is back with little Ms. Sunshine
Rihanna, where you at?
You have my heart, and we'll never be worlds apart
Maybe in magazines, but you'll still be my star
Baby, 'cause in the dark
You can't see shiny cars
And that's when you need me there
With you I'll always share
Because
When the sun shines, we'll shine together
Told you I'll be here forever
Said I'll always be your friend
Took an oath, I'ma stick it out 'til the end
Now that it's raining more than ever
Know that we'll still have each other
You can stand under my umbrella
You can stand under my umbrella, ella, ella, eh, eh, eh
Under my umbrella, ella, ella, eh, eh, eh
Under my umbrella, ella, ella, eh, eh, eh
Under my umbrella, ella, ella, eh, eh, eh, eh, eh, eh
These fancy things will never come in between
You're part of my entity, here for infinity
When the world has took its part
When the world has dealt its cards
If the hand is hard, together we'll mend your heart
Because
When the sun shines, we shine together
Told you I'll be here forever
Said I'll always be your friend
Took an oath, I'ma stick it out 'til the end
Now that it's raining more than ever
Know that we'll still have each other
You can stand under my umbrella
You can stand under my umbrella, ella, ella, eh, eh, eh
Under my umbrella, ella, ella, eh, eh, eh
Under my umbrella, ella, ella, eh, eh, eh
Under my umbrella, ella, ella, eh, eh, eh, eh, eh, eh
You can run into my arms
It's okay, don't be alarmed
Come into me
(There's no distance in between our love)
So gon' and let the rain pour
I'll be all you need and more
Because
When the sun shines, we shine together
Told you I'll be here forever
Said I'll always be your friend
Took an oath, I'ma stick it out 'til the end
Now that it's raining more than ever
Know that we'll still have each other
You can stand under my umbrella
You can stand under my umbrella, ella, ella, eh, eh, eh
Under my umbrella, ella, ella, eh, eh, eh
Under my umbrella, ella, ella, eh, eh, eh
Under my umbrella, ella, ella, eh, eh, eh, eh, eh, eh
It's raining, raining
Ooh, baby, it's raining, raining
Baby, come into me
Come into me
It's raining, raining
Ooh, baby, it's raining, raining
You can always come into me
Come into me
It's pouring rain
It's pouring rain
Come into me
Come into me
It's pouring rain
It's pouring rain"
We Found Love,"Yellow diamonds in the light
Now we're standing side by side
As your shadow crosses mine
What it takes to come alive
It's the way I'm feeling I just can't deny
But I've gotta let it go
We found love in a hopeless place
We found love in a hopeless place
We found love in a hopeless place
We found love in a hopeless place
Shine a light through an open door
Love and life I will divide
Turn away 'cause I need you more
Feel the heartbeat in my mind
It's the way I'm feeling I just can't deny
But I've gotta let it go
We found love in a hopeless place
We found love in a hopeless place
We found love in a hopeless place
We found love in a hopeless place
Yellow diamonds in the light
Now we're standing side by side
As your shadow crosses mine (mine, mine, mine)
We found love in a hopeless place
We found love in a hopeless place
We found love in a hopeless place
We found love in a hopeless place
We found love in a hopeless place
We found love in a hopeless place
We found love in a hopeless place
We found love in a hopeless place"
Don't Stop The Music,"Please don't stop the music (music, music, music, music)
Please don't stop the music (music, music, music, music)
Please don't stop the music (music, music, music, music)
Please don't stop the music (music, music, music, music)
It's gettin' late, I'm making my way over to my favorite place
I gotta get my body moving, shake the stress away
I wasn't looking for nobody when you looked my way
Possible candidate, yeah
Who knew that you'd be up in here lookin' like you do?
You're making stayin' over here impossible
Baby, I'ma say your aura is incredible
If you don't have to go, don't
Do you know what you started? I just came here to party
But now we're rockin' on the dance floor, actin' naughty
Your hands around my waist, just let the music play
We're hand in hand, chest to chest, and now we're face to face
I wanna take you away
Let's escape into the music, DJ, let it play
I just can't refuse it, like the way you do this
Keep on rockin' to it
Please don't stop the, please don't stop the music
I wanna take you away
Let's escape into the music, DJ, let it play
I just can't refuse it, like the way you do this
Keep on rockin' to it
Please don't stop the, please don't stop the, please don't stop the music
Baby, are you ready? 'Cause it's getting close
Don't you feel the passion ready to explode?
What goes on between us, no one has to know
This is a private show, oh
Do you know what you started? I just came here to party
But now we're rockin' on the dance floor, actin' naughty
Your hands around my waist, just let the music play
We're hand in hand, chest to chest, and now, we're face to face
I wanna take you away
Let's escape into the music, DJ, let it play
I just can't refuse it, like the way you do this
Keep on rockin' to it
Please don't stop the, please don't stop the music
I wanna take you away
Let's escape into the music, DJ, let it play
I just can't refuse it, like the way you do this
Keep on rockin' to it
Please don't stop the, please don't stop the, please don't stop the music
Mama-say, mama-sa, ma-ma-ko-ssa
Mama-say, mama-sa, ma-ma-ko-ssa
Mama-say, mama-sa, ma-ma-ko-ssa
Mama-say, mama-sa, ma-ma-ko-ssa
Please don't stop the music
Mama-say, mama-sa, ma-ma-ko-ssa
Mama-say, mama-sa, ma-ma-ko-ssa
Mama-say, mama-sa, ma-ma-ko-ssa
Mama-say, mama-sa, ma-ma-ko-ssa
Please don't stop the music (music, music, music, music)
Please don't stop the music (music, music, music, music)
I wanna take you away
Let's escape into the music, DJ, let it play
I just can't refuse it, like the way you do this
Keep on rockin' to it
Please don't stop the, please don't stop the music
I wanna take you away
Let's escape into the music, DJ, let it play
I just can't refuse it, like the way you do this
Keep on rockin' to it
Please don't stop the, please don't stop the, please don't stop the music
Mama-say, mama-sa, ma-ma-ko-ssa
Mama-say, mama-sa, ma-ma-ko-ssa
Mama-say, mama-sa, ma-ma-ko-ssa
Mama-say, mama-sa, ma-ma-ko-ssa
Please don't stop the music
Mama-say, mama-sa, ma-ma-ko-ssa
Mama-say, mama-sa, ma-ma-ko-ssa
Mama-say, mama-sa, ma-ma-ko-ssa
Mama-say, mama-sa, ma-ma-ko-ssa
Please don't stop the music
Mama-say, mama-sa, ma-ma-ko-ssa
Mama-say, mama-sa, ma-ma-ko-ssa
Mama-say, mama-sa, ma-ma-ko-ssa
Mama-say, mama-sa, ma-ma-ko-ssa
Please don't stop the music (music, music, music, music)"
Where Have You Been,"I've been everywhere, man
Looking for someone
Someone who can please me
Love me all night long
I've been everywhere, man
Looking for you, babe
Looking for you, babe
Searching for you, babe
Where have you been?
'Cause I never see you out
Are you hiding from me, yeah?
Somewhere in the crowd
Yeah, yeah, yeah, yeah
Yeah, yeah (oh), yeah, yeah, yeah, yeah
Yeah, yeah, yeah, yeah
Yeah, yeah, yeah, yeah, yeah, yeah
Where have you been
All my life? All my life?
Where have you been all my life?
Where have you been all my life?
Where have you been all my life?
Where have you been all my life?
I've been everywhere, man
Looking for someone
Someone who can please me
Love me all night long
I've been everywhere, man
Looking for you, babe
Looking for you, babe
Searching for you, baby
Where have you been?
'Cause I never see you out
Are you hiding from me, yeah?
Somewhere in the crowd
Yeah, yeah, yeah, yeah
Yeah, yeah (oh), yeah, yeah, yeah, yeah
Yeah, yeah, yeah, yeah
Yeah, yeah, yeah, yeah, yeah, yeah
Where have you been
All my life? All my life?
Where have you been all my life?
Where have you been all my life?
Where have you been all my life?
Where have you been all my life?
Where have you been all my life?
You can have me all you want
Any way, any day
Just show me where you are tonight
Yeah, yeah, yeah (ohh), yeah
Yeah, yeah, yeah, yeah, yeah, yeah (yeah-yeah)
Yeah, yeah, yeah, yeah (ohh)
Yeah, yeah, yeah, yeah, yeah, yeah
I've been everywhere, man
Looking for someone
Someone who can please me
Love me all night long
I've been everywhere, man
Looking for you, babe
Looking for you, babe
Searching for you, babe"
Lift Me Up - From Black Panther: Wakanda Forever - Music From and Inspired By,Unavailable
Love On The Brain,"And you got me like, oh
What you want from me? (What you want from me?)
And I tried to buy your pretty heart, but the price too high
Baby you got me like, oh, mm
You love when I fall apart (fall apart)
So you can put me together
And throw me against the wall
Baby you got me like ah, woo, ah
Don't you stop loving me (loving me)
Don't quit loving me (loving me)
Just start loving me (loving me)
Oh, and baby I'm fist fighting with fire
Just to get close to you
Can we burn something, babe?
And I run for miles just to get a taste
Must be love on the brain
That's got me feeling this way (feeling this way)
It beats me black and blue but it fucks me so good
And I can't get enough
Must be love on the brain yeah
And it keeps cursing my name (cursing my name)
No matter what I do, I'm no good without you
And I can't get enough
Must be love on the brain
Baby, keep loving me
Just love me, yeah
Just love me
All you need to do is love me, yeah
Got me like ah-ah-ah-ow
I'm tired of being played like a violin
What do I gotta do to get in your motherfuckin' heart?
Baby like ah, woo, ah
Don't you stop loving me (loving me)
Don't quit loving me (loving me)
Just start loving me (loving me)
Oh, and babe I'm fist fighting with fire
Just to get close to you
Can we burn something, babe?
And I run for miles just to get a taste
Must be love on the brain
That's got me feeling this way (feeling this way)
It beats me black and blue but it fucks me so good
And I can't get enough
Must be love on the brain
And it keeps cursing my name (cursing my name)
No matter what I do
I'm no good without you
And I can't get enough
Must be love on the brain"
Love The Way You Lie,"Just gonna stand there and watch me burn?
Well, that's alright, because I like the way it hurts
Just gonna stand there and hear me cry?
Well, that's alright, because I love the way you lie
I love the way you lie
I can't tell you what it really is
I can only tell you what it feels like
And right now, there's a steel knife in my windpipe
I can't breathe, but I still fight while I can fight
As long as the wrong feels right, it's like I'm in flight
High off of love, drunk from her hate
It's like I'm huffing paint and I love her, the more I suffer
I suffocate and right before I'm about to drown
She resuscitates me, she fucking hates me
And I love it, ""Wait
Where you going?"" ""I'm leaving you""
""No you ain't, come back""
We're running right back, here we go again
It's so insane 'cause when it's going good, it's going great
I'm Superman, with the wind at his back, she's Lois Lane
But when it's bad, it's awful
I feel so ashamed, I snapped, ""Who's that dude?""
I don't even know his name, I laid hands on her
I'll never stoop so low again, I guess I don't know my own strength
Just gonna stand there and watch me burn?
Well, that's alright, because I like the way it hurts
Just gonna stand there and hear me cry?
Well, that's alright, because I love the way you lie
I love the way you lie
I love the way you lie
You ever love somebody so much you can barely breathe when you're with 'em?
You meet, and neither one of you, even know what hit 'em
Got that warm fuzzy feeling, yeah, them chills, used to get 'em
Now you're getting fucking sick of looking at 'em
You swore you've never hit 'em, never do nothing to hurt 'em
Now you're in each other's face
Spewing venom in your words when you spit 'em
You push, pull each other's hair, scratch, claw, bit 'em
Throw 'em down, pin 'em, so lost in the moments when you're in 'em
It's the rage that took over, it controls you both
So they say you're best to go your separate ways
Guess that they don't know ya 'cause today, that was yesterday
Yesterday is over, it's a different day
Sound like broken records playin' over
But you promised her, next time you'll show restraint
You don't get another chance, life is no Nintendo game
But you lied again
Now you get to watch her leave out the window
Guess that's why they call it window pane
Just gonna stand there and watch me burn?
Well, that's alright, because I like the way it hurts
Just gonna stand there and hear me cry?
Well, that's alright, because I love the way you lie
I love the way you lie
I love the way you lie
Now I know we said things, did things that we didn't mean
Then we fall back into the same patterns
Same routine, but your temper's just as bad as mine is
You're the same as me, when it comes to love, you're just as blinded
Baby, please come back, it wasn't you
Baby, it was me, maybe our relationship isn't as crazy as it seems
Maybe that's what happens when a tornado meets a volcano
All I know is I love you too much to walk away though
Come inside, pick up your bags off the sidewalk
Don't you hear sincerity in my voice when I talk?
Told you this is my fault, look me in the eyeball
Next time I'm pissed, I'll aim my fist at the drywall
Next time? There won't be no next time
I apologize, even though I know it's lies
I'm tired of the games, I just want her back, I know I'm a liar
If she ever tries to fucking leave again
I'm a tie her to the bed and set this house on fire
Just gonna stand there and watch me burn?
Well, that's alright, because I like the way it hurts
Just gonna stand there and hear me cry?
Well, that's alright, because I love the way you lie
I love the way you lie
I love the way you lie"
This Is What You Came For,"Baby, this is what you came for
Lightning strikes every time she moves
And everybody's watchin' her
But she's lookin' at you, ooh, ooh
You, ooh, ooh, you, ooh, ooh
You, ooh, ooh, you, ooh, ooh
You, ooh, ooh
Ooh
Baby, this is what you came for
Lightning strikes every time she moves
And everybody's watchin' her
But she's lookin' at you, ooh, ooh
You, ooh, ooh, you, ooh, ooh
You, ooh, ooh, you, ooh, ooh
You, ooh, ooh
Ooh
You, ooh, ooh, you, ooh, ooh
You, ooh, ooh, you, ooh, ooh
You, ooh, ooh, you, ooh, ooh
Ooh
We go fast with the game we play
Who knows why it's gotta be this way
We say nothin' more than we need
I say, ""Your place"", when we leave
Baby, this is what you came for
Lightning strikes every time she moves
And everybody's watchin' her
But she's lookin' at you, ooh, ooh
You, ooh, ooh, you, ooh, ooh
You, ooh, ooh, you, ooh, ooh
You, ooh, ooh
Ooh
You, ooh, ooh, you, ooh, ooh
You, ooh, ooh, you, ooh, ooh
You, ooh, ooh, you, ooh, ooh
Ooh
Baby, this is what you came for
Lightning strikes every time she moves
Yeah
Baby, this is what you came for
Lightning strikes every time she moves
And everybody's watchin' her
But she's lookin' at you, ooh, ooh
You, ooh, ooh, you, ooh, ooh
You, ooh, ooh, you, ooh, ooh
You, ooh, ooh
Ooh
You, ooh, ooh, you, ooh, ooh
You, ooh, ooh, you, ooh, ooh
You, ooh, ooh, you, ooh, ooh
Ooh"
Stay,"All along it was a fever
A cold sweat, hot headed believer
I threw my hands in the air, said, ""Show me something""
He said, ""If you dare, come a little closer""
Round and around and around and around we go
Oh, now tell me now, tell me now, tell me now you know
Not really sure how to feel about it
Something in the way you move
Makes me feel like I can't live without you
It takes me all the way
I want you to stay
It's not much of a life you're living
It's not just something you take, it's given
Round and around and around and around we go
Oh, now tell me now, tell me now, tell me now you know
Not really sure how to feel about it
Something in the way you move
Makes me feel like I can't live without you
It takes me all the way
And I want you to stay
Ooh, the reason I hold on
Ooh, 'cause I need this hole gone
Well, funny you're the broken one
But I'm the only one who needed saving
'Cause when you never see the light
It's hard to know which one of us is caving
Not really sure how to feel about it
Something in the way you move
Makes me feel like I can't live without you
It takes me all the way
I want you to stay
Stay
I want you to stay
Ooh"
Needed Me,Unavailable
Born Again,"I'd give my heart to this place
I'd give my soul or whatever it takes, never run away
I've got enough angels to storm the gates, I'm not afraid
And behold the brave, not have it no other away
I miss the emergence and these moments of you
The mere reflection of me, that mirror can't change its view
So until those rivers run out, it runs through me
Wherever you are, I'll bе there
We carry on (wе carry on)
Born again
I'd give my heart to this place (I'd give my heart to this place)
I'd give my whole soul and whatever it takes, never run away
And I'd relive this just to see your face again
I know that you'd do the same, born again
Just tell me what I need to do
I'd die and come back just to love you
Just tell me, I'm begging you
Just tell me what I need to do, oh-oh"
Take A Bow,"Oh, how 'bout a round of applause?
Yeah
Standin' ovation
Ooh
Yeah, yeah, yeah, yeah, yeah
You look so dumb right now
Standin' outside my house
Tryin' to apologize
You're so ugly when you cry
Please
Just cut it out
Don't tell me you're sorry 'cause you're not
Baby when I know you're only sorry you got caught
But you put on quite a show
Really had me goin'
But now it's time to go
Curtain's finally closin'
That was quite a show
Very entertaining
But it's over now
(But it's over now)
Go on and take a bow, oh
Grab your clothes and get gone (get gone)
You better hurry up
Before the sprinklers come on (come on)
Talkin' 'bout, ""Girl, I love you, you're the one""
This just looks like a re-run
Please
What else is on? Oh, oh
And don't tell me you're sorry 'cause you're not
Baby when I know you're only sorry you got caught
But you put on quite a show
You really had me goin'
But now it's time to go
Curtain's finally closin'
That was quite a show
Very entertaining
But it's over now
(But it's over now)
Go on and take a bow
Oh, and the award for the best liar
Goes to you (goes to you)
For makin' me believe
That you could be
Faithful to me
Let's hear your speech, ohh
How 'bout a round of applause?
A standin' ovation
But you put on quite a show
You really had me goin'
Now it's time to go
Curtain's finally closin'
That was quite a show
Very entertaining
But it's over now
(But it's over now)
Go on and take a bow
But it's over now"
FourFiveSeconds,"I think I've had enough
I might get a little drunk
I say what's on my mind
I might do a little time
'Cause all of my kindness
Is taken for weakness
Now I'm four, five seconds from wildin'
And we got three more days 'til Friday
I'm just tryna make it back home by Monday mornin'
I swear, I wish somebody would tell me
Ooh, that's all I want
Woke up an optimist
Sun was shinin', I'm positive (we can run, run)
Then I heard you was talkin' trash (I'm on a mystery)
Hold me back, I'm 'bout to spaz
Yeah, I'm 'bout four, five seconds from wildin'
And we got three more days 'til Friday
I'm tryna make it back home by Monday mornin'
I swear, I wish somebody would try me
Ooh, that's all I want
And I know that you're up tonight
Thinkin', ""How could I be so selfish?""
But you called 'bout a thousand times
Wondering where I've been
Now I know that you're up tonight
Thinkin', ""How could I be so reckless?""
But I just can't apologize
I hope you can understand, yeah
If I go to jail tonight
Promise you'll pay my bail
See, they wanna buy my pride
But that just ain't up for sale
See, all of my kindness, mm-hm
Is taken for weakness
Now I'm four, five seconds from wildin'
And we got three more days 'til Friday
I'm tryna make it back home by Monday mornin'
I swear, I wish somebody would tell me
Ooh, that's all I want
Four, five seconds from wildin'
And we got three more days 'til Friday
Just tryna make it back home by Monday mornin'
I swear, I wish somebody would tell me
'Cause that's all I want"
Only Girl (In The World),"La-la-la-la
La-la-la-la
La-la-la-la (uh, yeah)
La-la-la-la
I want you to love me
Like I'm a hot ride (uh, yeah)
Be thinking of me (uh)
Doing what you like
So, boy, forget about the world
'Cause it's gon' be me and you tonight (yeah)
I wanna make you beg for it
Then I'ma make you swallow your pride, oh (uh, uh)
Want you to make me feel like I'm the only girl in the world
Like I'm the only one that you'll ever love
Like I'm the only one who knows your heart
Only girl in the world
Like I'm the only one that's in command
'Cause I'm the only one who understands
How to make you feel like a man, yeah
Want you to make me feel like I'm the only girl in the world
Like I'm the only one that you'll ever love
Like I'm the only one who knows your heart
Only one
Want you to take it (uh)
Like a thief in the night (uh)
Hold me like a pillow
Make me feel right (uh)
Baby, I'll tell you all my secrets that I'm keeping
You can come inside (yeah)
And when you enter, you ain't leaving
Be my prisoner for the night, oh
Want you to make me feel like I'm the only girl in the world
Like I'm the only one that you'll ever love
Like I'm the only one who knows your heart
Only girl in the world
Like I'm the only one that's in command
'Cause I'm the only one who understands
Like I'm the only one who knows your heart
Only one
Take me for a ride, ride
Oh, baby, take me high, high
Let me make you rise, rise
Oh, make it last all night, night
Take me for a ride, ride
Oh, baby, take me high, high
Let me make you rise, rise
Make it last all night
Want you to make me feel like I'm the only girl in the world
Like I'm the only one that you'll ever love
Like I'm the only one who knows your heart
Only girl in the world
Like I'm the only one that's in command
'Cause I'm the only one who understands
How to make you feel like a man
Only girl in the world
Girl in the world
Only girl in the world
Girl in the world"
The Monster,"I'm friends with the monster that's under my bed
Get along with the voices inside of my head
You're tryin' to save me, stop holding your breath
And you think I'm crazy, yeah, you think I'm crazy (crazy)
I wanted the fame but not the cover of Newsweek
Oh well, guess beggars can't be choosey
Wanted to receive attention for my music
Wanted to be left alone in public, excuse me
For wantin' my cake, and eat it too, and wantin' it both ways
Fame made me a balloon 'cause my ego inflated
When I blew, see, but it was confusing
'Cause all I wanted to do's be the Bruce Lee of loose leaf
Abused ink, used it as a tool when I blew steam (ooh)
Hit the lottery, ooh-wee
But with what I gave up to get, it was bittersweet
It was like winnin' a used mink
Ironic 'cause I think I'm gettin' so huge I need a shrink
I'm beginnin' to lose sleep, one sheep, two sheep
Going coo-coo and kooky as Kool Keith
But I'm actually weirder than you think, 'cause I'm
I'm friends with the monster that's under my bed
Get along with the voices inside of my head
You're tryin' to save me, stop holdin' your breath
And you think I'm crazy, yeah, you think I'm crazy
Well, that's nothin' (ooh-ooh-ooh-ooh)
(Ooh-ooh-ooh-ooh, ooh-ooh-ooh-ooh)
Well, that's nothin' (ooh-ooh-ooh-ooh)
(Ooh-ooh-ooh-ooh, ooh-ooh-ooh-ooh, ooh-ooh-ooh-ooh)
Now, I ain't much of a poet
But I know somebody once told me to seize the moment
And don't squander it
'Cause you never know when it all could be over tomorrow
So I keep conjurin'
Sometimes I wonder where these thoughts spawn from
Yeah, ponderin'll do you wonders
No wonder you're losing your mind, the way it wanders
Yodel-odel-ay-hee-hoo
I think it went wanderin' off down yonder
And stumbled onto Jeff VanVonderen
'Cause I need an interventionist
To intervene between me and this monster
And save me from myself and all this conflict
'Cause the very thing that I love's killing me
And I can't conquer it
My OCD is conkin' me in the head, keep knockin'
Nobody's home, I'm sleepwalkin'
I'm just relayin' what the voice in my head's sayin'
Don't shoot the messenger, I'm just friends with the
I'm friends with the monster that's under my bed
Get along with the voices inside of my head
You're tryin' to save me, stop holdin' your breath
And you think I'm crazy, yeah, you think I'm crazy
Well, that's nothin' (ooh-ooh-ooh-ooh)
(Ooh-ooh-ooh-ooh, ooh-ooh-ooh-ooh)
Well, that's nothin' (ooh-ooh-ooh-ooh)
(Ooh-ooh-ooh-ooh, ooh-ooh-ooh-ooh, ooh-ooh-ooh-ooh)
Call me crazy, but I have this vision
One day that I'll walk amongst you a regular civilian
But until then, drums get killed and
I'm comin' straight at MC's, blood gets spilled and
I'll take it back to the days that I'd get on a Dre track
Give every kid who got played that pumped-up feelin'
And shit to say back to the kids who played him
I ain't here to save the fuckin' children
But if one kid out of a hundred million
Who are going through a struggle feels it and relates, that's great
It's payback, Russell Wilson
Falling way back in the draft
Turn nothin' into somethin', still can
Make that, straw into gold, chump, I will spin
Rumpelstiltskin in a haystack
Maybe I need a straight jacket, face facts
I am nuts for real, but I'm okay with that
It's nothin', I'm still friends with the
I'm friends with the monster that's under my bed
Get along with the voices inside of my head
You're tryin' to save me, stop holdin' your breath
And you think I'm crazy, yeah, you think I'm crazy
I'm friends with the monster that's under my bed
Get along with the voices inside of my head
You're tryin' to save me, stop holdin' your breath
And you think I'm crazy, yeah, you think I'm crazy
Well, that's nothin' (ooh-ooh-ooh-ooh)
(Ooh-ooh-ooh-ooh, ooh-ooh-ooh-ooh)
Well, that's nothin' (ooh-ooh-ooh-ooh)
(Ooh-ooh-ooh-ooh, ooh-ooh-ooh-ooh, ooh-ooh-ooh-ooh)"
Disturbia,"Bum-bum-be-dum-bum-bum-be-dum-bum (what's wrong with me?)
Bum-bum-be-dum-bum-bum-be-dum-bum (why do I feel like this?)
Bum-bum-be-dum-bum-bum-be-dum-bum (I'm going crazy now)
Bum-bum-be-dum-bum-bum-be-dum-bum
No more gas in the rig
Can't even get it started
Nothing heard, nothing said
Can't even speak about it
Out my life, out my head
Don't want to think about it
Feels like I'm going insane, yeah
It's a thief in the night to come and grab you (uh-huh)
It can creep up inside you and consume you (uh-huh)
A disease of the mind, it can control you (uh-huh)
It's too close for comfort, ohh
Put on your break lights
We're in the city of wonder
Ain't gonna play nice
Watch out, you might just go under
Better think twice
Your train of thought will be altered
So if you must falter be wise
Your mind's in disturbia
It's like the darkness is the light
Disturbia
Am I scaring you tonight?
Your mind is in disturbia
Ain't used to what you like
Disturbia
Disturbia
Bum-bum-be-dum-bum-bum-be-dum-bum
Bum-bum-be-dum-bum-bum-be-dum-bum
Bum-bum-be-dum-bum-bum-be-dum-bum
Bum-bum-be-dum-bum-bum-be-dum-bum
Faded pictures on the wall
It's like they talkin' to me
Disconnectin' all calls
Your phone don't even ring
I gotta get out
Or figure this shh out
It's too close for comfort, oh-ohh
It's a thief in the night to come and grab you (uh-huh)
It can creep up inside you and consume you (uh-huh)
A disease of the mind, it can control you (uh-huh)
I feel like a monster, ohh
Put on your break lights
We're in the city of wonder (city of lights)
Ain't gonna play nice
Watch out (ohh), you might just go under
Better think twice (think twice)
Your train of thought will be altered
So if you must falter be wise (be wise)
Your mind's in disturbia
It's like the darkness is the light
Disturbia
Am I scaring you (oh) tonight?
Your mind's in disturbia (oh)
Ain't used to what you like
Disturbia (what you like)
Disturbia
Bum-bum-be-dum-bum-bum-be-dum-bum (ba-da-da-da-dee-da)
Bum-bum-be-dum-bum-bum-be-dum-bum (ba-da-da-da-dee-da)
Bum-bum-be-dum-bum-bum-be-dum-bum (disturbia)
Bum-bum-be-dum-bum-bum-be-dum-bum (oh, oh)
Release me from this curse I'm in
Trying to maintain but I'm struggling
If you can't go
I think I'm going to oh, oh, oh, oh-ohh
Put on your break lights
We're in the city of wonder (woo)
Ain't gonna play nice
Watch out, you might just go under
Better think twice
Your train of thought will be altered
So if you must falter be wise
Your mind's in disturbia
It's like the darkness is the light
Disturbia
Am I scaring you tonight?
Your mind's in disturbia
Ain't (distubria) used to what you like
Disturbia
Disturbia
Bum-bum-be-dum-bum-bum-be-dum-bum (ba-da-da-da-dee-da)
Bum-bum-be-dum-bum-bum-be-dum-bum (ba-da-da-da-dee-da)
Bum-bum-be-dum-bum-bum-be-dum-bum
Bum-bum-be-dum-bum-bum-be-dum-bum (ohh-ohh)"
Pon de Replay,"Come, Mr. DJ, song pon de replay
Come, Mr. DJ, won't you turn the music up?
All the gyal pon the dancefloor wantin' some more what
Come, Mr. DJ, won't you turn the music up?
Come, Mr. DJ, song pon de replay
Come, Mr. DJ, won't you turn the music up?
All the gyal pon the dancefloor wantin' some more what
Come, Mr. DJ, won't you turn the music up?
It goes one by one, even two by two
Everybody on the floor, let me show you how we do
Let's go, dip it low, then you bring it up slow
Wind it up one time, wind it back once more
Come run, run, run, run
Everybody move, run
Lemme see you move and rock it 'til the groove done
Shake it 'til the moon becomes the sun (Sun)
Everybody in the club, give me a run (Run)
If you ready to move say it (Yeah)
One time for your mind say it (Yeah, yeah)
Well, I'm ready for ya
Come let me show ya
You want to groove, I'mma show you how to move
Come, come Mr. DJ, song pon de replay
Come, Mr. DJ, won't you turn the music up?
All the gyal pon the dancefloor wantin' some more what
Come, Mr. DJ, won't you turn the music up?
Come, Mr. DJ, song pon de replay
Come, Mr. DJ, won't you turn the music up?
All the gyal pon the dancefloor wantin' some more what
Come, Mr. DJ, won't you turn the music up?
Hey, Mr
Please, Mr. DJ
Tell me if you hear me
Turn the music up
Hey, Mr
Hey, Mr
Please, Mr. DJ
Tell me if you hear me
Turn the music up
It goes one by one, even two by two
Everybody in the club gon' be rocking when I'm through
Let the bass from the speakers run through ya sneakers
Move both ya feet and run to the beat
Come run, run, run, run
Everybody move, run
Lemme see you move and rock it 'til the groove done
Shake it 'til the moon becomes the sun (Sun)
Everybody in the club give me a run (Run)
If you ready to move say it (Yeah)
One time for your mind say it (Yeah, yeah)
Well, I'm ready for ya
Come let me show ya
You want to groove, I'mma show you how to move
Come, Mr. DJ, song pon de replay
Come, Mr. DJ, won't you turn the music up?
All the gyal pon the dancefloor wantin' some more what
Come, Mr. DJ, won't you turn the music up?
Come, Mr. DJ, song pon de replay
Come, Mr. DJ, won't you turn the music up?
All the gyal pon the dancefloor wantin' some more what
Come, Mr. DJ, won't you turn the music up?
Hey, Mr
Hey, Mr
Please, Mr. DJ
Tell me if you hear me
Turn the music up (Turn the music up right now)
Hey, Mr
Oh, Mr
Please, Mr. DJ
Tell me if you hear me
Turn the music up (Turn the music up right now)
Okay, everybody get down if you feel me
Put your hands up to the ceiling
Everybody get down if you feel me
Come and put your hands up to the ceiling
Everybody get down if you feel me
Put your hands up to the ceiling
Everybody get down if you feel me
Come and put your hands up to the ceiling
Mr. DJ, song pon de replay (Come, Mr. DJ, song pon de replay)
Come, Mr. DJ, won't you turn the music up?
All the gyal pon the dancefloor wantin' some more what (All the gyal pon the dancefloor)
Come, Mr. DJ, won't you turn the music up?
Come, Mr. DJ, song pon de replay (Hey Mr. DJ, boy)
Hey Mr. DJ, won't you turn the music up?
All the gyal pon the dancefloor wantin' some more what
Come, Mr. DJ, won't you turn the music up?"
Woo,"Woo
Woo, woo, yeah
Woo, woo (woo, woo)
(Yeah, yeah, yeah, yeah)
I bet she could never make you cry
'Cause the scars on your heart are still mine
Tell me that she couldn't get this deep
She can almost be the worst of me (yeah, yeah)
Too bad she's just eating off your dreams
Let me know when you're ready to bleed
Baby, you just need to send for me
Send for me
Send for me
Send for me (woo)
Send for me
Woo
Woo, woo, yeah
Woo, woo (woo, woo)
Yeah, yeah, yeah, yeah
I've been thinking 'bout you late at night
I've been thinking only of you
Ain't nothing else to really talk about
Boy, show me what you wan' do
These days you've been feeling lonely
Yeah, I've been feeling lonely too
I'ma fuck it up, won't you show me some?
Run it back like you owe me some
Woo, woo, yeah (yeah, send for me, send for me, yeah)
Woo, woo, yeah (send for me, yeah, send for me, yeah)
Woo, woo (send for me, send for me, send for me, yeah)
Tell me 'bout your picture-perfect love
Tell me how you think without the drugs
Maybe you just need to send for me
I don't mean to really love you
I don't even really care about you
I don't mean to really love you
I don't even really care about you, no more (no more)
I don't even really care about you, no more (no more)
I don't even really care about you, no more
Send for me
Send for me
Send for me (woo)
Send for me
Woo (yeah, send for me, send for me, yeah)
Woo, woo, yeah (send for me, yeah, send for me, yeah)
Woo, woo (send for me, send for me, send for me, send for me)
(Yeah, yeah, yeah, yeah)
I don't mean to really love
I don't even really care about you (woo, woo)
I don't mean to really love you
I don't even really care about you, no more (woo, woo)
No more, I don't even really care about you, no more
I don't even really care about you, no more"
Diamonds,"Shine bright like a diamond
Shine bright like a diamond
Find light in the beautiful sea, I choose to be happy
You and I, you and I, we're like diamonds in the sky
You're a shooting star I see, a vision of ecstasy
When you hold me, I'm alive, we're like diamonds in the sky
I knew that we'd become one right away
Oh, right away
At first sight I felt the energy of sun rays
I saw the life inside your eyes
So shine bright, tonight, you and I
We're beautiful like diamonds in the sky
Eye to eye, so alive
We're beautiful like diamonds in the sky
Shine bright like a diamond (whoa)
Shine bright like a diamond (whoa)
Shining bright like a diamond
We're beautiful like diamonds in the sky
Shine bright like a diamond (whoa)
Shine bright like a diamond (whoa)
Shining bright like a diamond
We're beautiful like diamonds in the sky
Palms rise to the universe as we moonshine and molly
Feel the warmth, we'll never die, we're like diamonds in the sky
You're a shooting star I see, a vision of ecstasy
When you hold me, I'm alive, we're like diamonds in the sky
At first sight I felt the energy of sun rays
I saw the life inside your eyes
So shine bright, tonight, you and I
We're beautiful like diamonds in the sky
Eye to eye, so alive
We're beautiful like diamonds in the sky
Shine bright like a diamond (whoa)
Shine bright like a diamond (whoa)
Shining bright like a diamond
We're beautiful like diamonds in the sky
Shine bright like a diamond (whoa)
Shine bright like a diamond (whoa)
Shining bright like a diamond
We're beautiful like diamonds in the sky
Shine bright like a diamond
Shine bright like a diamond
Shine bright like a diamond
So shine bright, tonight, you and I
We're beautiful like diamonds in the sky
Eye to eye, so alive
We're beautiful like diamonds in the sky
Shine bright like a diamond (whoa)
Shine bright like a diamond (whoa)
Shine bright like a diamond, oh-oh, yeah
Shine bright like a diamond (whoa)
Shine bright like a diamond (whoa)
Shine bright like a diamond
Shine bright like a diamond"
S&M,"Na-na-na, come on
Na-na-na, come on
Na-na-na-na-na, come on
Na-na-na, come on, come on, come on
Na-na-na-na, come on
Na-na-na, come on
Na-na-na-na-na, come on
Na-na-na, come on, come on, come on
Na-na-na-na
Feels so good being bad (oh, oh, oh, oh, oh)
There's no way I'm turning back (oh, oh, oh, oh, oh)
Now the pain is for pleasure
'Cause nothing can measure (oh, oh, oh, oh, oh, oh, oh)
Love is great, love is fine (oh, oh, oh, oh, oh)
Out the box, outta line (oh, oh, oh, oh, oh)
The affliction of the feeling leaves me wanting more (oh, oh, oh, oh, oh, oh, oh)
'Cause I may be bad, but I'm perfectly good at it
Sex in the air, I don't care, I love the smell of it
Sticks and stones may break my bones
But chains and whips excite me
'Cause I may be bad, but I'm perfectly good at it
Sex in the air, I don't care, I love the smell of it
Sticks and stones may break my bones
But chains and whips excite me
Na-na-na, come on, come on, come on
I like it, like it, come on, come on, come on
I like it, like it, come on, come on, come on
I like it, like it come on, come on, come on
I like it, like it
Love is great, love is fine (oh, oh, oh, oh, oh)
Out the box, outta line (oh, oh, oh, oh, oh)
The affliction of the feeling leaves me wanting more (oh, oh, oh, oh, oh, oh, oh)
'Cause I may be bad, but I'm perfectly good at it
Sex in the air, I don't care, I love the smell of it
Sticks and stones may break my bones
But chains and whips excite me
Na-na-na, come on, come on, come on
I like it, like it, come on, come on, come on
I like it, like it, come on, come on, come on
I like it, like it, come on, come on, come on
I like it, like it
S, S, S and M, M, M
S, S, S and M, M, M
Oh, I love the feeling you bring to me, oh, you turn me on
It's exactly what I've been yearning for, give it to me strong
And meet me in my boudoir
Make my body say, ""Ah, ah, ah, "" I like it (like it)
'Cause I may be bad, but I'm perfectly good at it
Sex in the air, I don't care, I love the smell of it
Sticks and stones may break my bones
But chains and whips excite me
'Cause I may be bad, but I'm perfectly good at it
Sex in the air, I don't care, I love the smell of it
Sticks and stones may break my bones
But chains and whips excite me
Na-na-na, come on, come on, come on
I like it, like it, come on, come on, come on
I like it, like it, come on, come on, come on
I like it, like it, come on, come on, come on
I like it, like it
S, S, S and M, M, M
S, S, S and M, M, M
S, S, S and M, M, M
S, S, S and M, M, M"
Run This Town,Unavailable
Work,"Work, work, work, work, work, work
He said me haffi work, work, work, work, work, work
He see me do mi dirt, dirt, dirt, dirt, dirt, dirt
So me put in work, work, work, work, work, work
When you ah gon' learn, learn, learn, learn, learn?
Me nuh care if him hurt, hurt, hurt, hurt, hurting
Dry, me ah desert him
No time to have you lurking
Him ah go act like he nuh like it
You know I dealt with you the nicest
Nuh body touch me you nuh righteous
Nuh badda, text me in a crisis
I believed all of your dreams, adoration
You took my heart and my keys and my patience
You took my heart on my sleeve for decoration
You mistaken my love I brought for you for foundation
All that I wanted from you was to give me
Something that I never had
Something that you've never seen
Something that you've never been, mmh
But I wake up and act like nothing's wrong
Just get ready fi work, work, work, work, work, work
He said me haffi work, work, work, work, work, work
He see me do mi dirt, dirt, dirt, dirt, dirt, dirt
So me put in work, work, work, work, work, work
Na, na, na, na, na, na
When you ah gon' learn, learn, learn, learn, learn, learn?
Before the tables turn, turn, turn, turn, turn, turn
Beg you something, please
Baby don't you leave
Don't leave me stuck here in the streets, uh huh
If I get another chance to
I will never, no never neglect you
I mean who am I to hold your past against you?
I just hope that it gets to you
I hope that you see this through
I hope that you see this true
What can I say?
Please recognize I'm tryin', babe
I haffi work, work, work, work, work, work
He said me haffi work, work, work, work, work, work
He see me do mi dirt, dirt, dirt, dirt, dirt, dirt
So me put in work, work, work, work, work, work
When you ah gon' learn, learn, learn, learn, learn
Me nuh care if him hurt, hurt, hurt, hurt, hurting
Yeah, okay
You need to get done, done, done, done at work, come over
We just need to slow the motion
Don't give that away to no one
Long distance, I need you
When I see potential I just gotta see it through
If you had a twin, I would still choose you
I don't wanna rush into it, if it's too soon
But I know you need to get done, done, done, done
If you come over
Sorry if I'm way less friendly
I got niggas tryna end me, oh, yeah
I spilled all my emotions tonight, I'm sorry
Rollin', rollin', rollin', rollin', rollin'
How many more shots until you're rollin'?
We just need a face to face
You could pick the time and the place
You spent some time away
Now you need to forward
And give me all the work, work, work, work, work, work
He said me haffi work, work, work, work, work, work
He see me do mi dirt, dirt, dirt, dirt, dirt, dirt
So me put in work, work, work, work, work, work
When you ah gon' learn, learn, learn, learn, learn
Me nuh care if him hurt, hurt, hurt, hurt, hurting
Mmmh
Mmmh
Work, work, work, work, work, work
Mmmh"
Take Care,Unavailable
Hate That I Love You,"Yeah, yeah
Hey
That's how much I love you (yeah)
That's how much I need you (yeah, yeah, yeah)
And I can't stand you
Must everything you do make me wanna smile
Can I not like you for awhile? (No)
But you won't let me
You upset me, girl
And then you kiss my lips
All of a sudden I forget (that I was upset)
Can't remember what you did
But I hate it
You know exactly what to do
So that I can't stay mad at you
For too long, that's wrong
But I hate it
You know exactly how to touch
So that I don't wanna fuss and fight no more
Said I despise that I adore you
And I hate how much I love you, boy (yeah)
I can't stand how much I need you (I need you)
And I hate how much I love you, boy (oh whoa)
But I just can't let you go
And I hate that I love you so (oh)
You completely know the power that you have (power that you have)
The only one makes me laugh (makes me laugh)
Sad and it's not fair
How you take advantage of the fact
That I
Love you beyond the reason why
And it just ain't right
And I hate how much I love you, girl (ooh)
I can't stand how much I need you (yeah)
And I hate how much I love you, girl (yeah)
But I just can't let you go (ooh)
But I hate that I love you so
One of these days, maybe your magic won't affect me (hmm)
And your kiss won't make me weak
But no one in this world knows me the way you know me
So you'll probably always have a spell on me
Yeah
Oh, oh, oh
Yeah, yeah, yeah, yeah, yeah, yeah
That's how much I love you
How much I need you
How much I need you
How much I love you
That's how much I love you
Oh, I need you
That's how much I need you
I need you
And I hate that I love you so
And I hate how much I love you, boy
I can't stand how much I need you
(I can't stand how much I need you)
And I hate how much I love you, boy
But I just can't let you go
(But I just can't let you go no)
And I hate that I love you so (oh)
And I hate that I love you so, so"
Rude Boy,"Come here rude boy, boy
Can you get it up?
Come here rude boy, boy
Is you big enough?
Take it, take it (yeah)
Baby, baby (yeah)
Take it, take it (yeah)
Love me (yeah) love me
Come here rude boy, boy
Can you get it up?
Come here rude boy, boy
Is you big enough?
Take it, take it (yeah)
Baby, baby (yeah)
Take it, take it (yeah)
Love me (yeah) love me
Tonight, I'ma let you be the captain
Tonight, I'ma let you do your thing, yeah
Tonight, I'ma let you be a rider
Giddy up, giddy up, giddy up, babe
Tonight, I'ma let it be fire
Tonight, I'ma let you take me higher
Tonight, baby we can get it on, yeah
We can get it on, yeah
Do you like it, boy?
I wa-wa-want what you wa-wa-want
Give it to me, baby
Like boom, boom, boom
What I wa-wa-want is what you wa-wa-want, na-na
Come here rude boy, boy
Can you get it up?
Come here rude boy, boy
Is you big enough?
Take it, take it (yeah)
Baby, baby (yeah)
Take it, take it (yeah)
Love me (yeah) love me
Come here rude boy, boy
Can you get it up?
Come here rude boy, boy
Is you big enough?
Take it, take it (yeah)
Baby, baby (yeah)
Take it, take it (yeah)
Love me (yeah) love me
Tonight, I'ma give it to you harder
Tonight, I'ma turn your body out
Relax, let me do it how I wanna
If you got it I need it and I'ma put it down
Buckle up, I'ma give it to you stronger
Hands up, we can go a little longer
Tonight, I'ma get a little crazy
Get a little crazy, baby
Do you like it, boy?
I wa-wa-want what you wa-wa-want
Give it to me, baby
Like boom, boom, boom
What I wa-wa-want is what you wa-wa-want, na-na
Come here rude boy, boy
Can you get it up?
Come here rude boy, boy
Is you big enough?
Take it, take it (yeah)
Baby, baby (yeah)
Take it, take it (yeah)
Love me (yeah) love me
Come here rude boy, boy
Can you get it up?
Come here rude boy, boy
Is you big enough?
Take it, take it (yeah)
Baby, baby (yeah)
Take it, take it (yeah)
Love me (yeah) love me
I like the way you touch me there
I like the way you pull my hair
Babe, if I don't feel it I ain't faking, no, no (oh no)
I like when you tell me kiss you here (oh no)
I like when you tell me, ""Move it there""
So giddy up, time to giddy up
You say you're a rude boy
Show me what you got now
Come here right now
Take it, take it, baby, baby
Take it, take it, love me, love me
Come here rude boy, boy
Can you get it up?
Come here rude boy, boy
Is you big enough? (Oh)
Take it, take it (yeah)
Baby, baby (yeah)
Take it, take it (yeah)
Love me (yeah), love me
Come here rude boy, boy
Can you get it up?
(Come here) come here rude boy, boy
Is you big enough?
Take it, take it (yeah)
Baby, baby (yeah)
Take it, take it (yeah)
Love me (yeah), love me
Love me, love me
Love me, love me
Love me, love me, love
take it, take it, baby, baby
Take it, take it, love me, love me
Love me, love me (yeah)
Love me, love me (yeah)
Love me, love me (yeah)
Take it, take it, baby, baby
Take it, take it, love me, love me"
Consideration,"I come flutterin' in from Neverland
Time could never stop me, no, no, no, no, I know you try to
I come riding in on a pale white horse
Sending out ice to less fortunate, I do advise you
Run it back, run it on back
When you're breaking it down for me
'Cause I can hear you two times
Run it on back, will it ever make sense to me?
I got to do things my own way darlin'
Will you ever let me? Will you ever respect me? No
Do things my own way darlin'
You should just let me, why you will never let me grow?
When I look outside my window
I can't get no peace of mind
When I look outside my window
I can't get no peace of mind, oh
Let me cover your shit in glitter, I can make it gold, gold
Heard you're tryna sell your soul, baby
Word on the street you're running low, lately
I needed you to please give my reflection a break
From the face it's seeing now
Oh, darlin', would you mind giving my reflection a break
From the pain it's feeling now?
I got to do things my own way darlin'
You should just let me, will you ever respect me? No
Do things my own way darlin'
You should just let me, why you will never let me grow?
When I look outside my window
I can't get no peace of mind
When I look outside my window
I can't get no peace of mind, oh
Gettin' no peace
Gettin' no peace
Get, get, g-getting no peace, oh
Gettin' no peace
G-g-get no peace, ooh"
Can't Remember to Forget You (feat. Rihanna),Unavailable
California King Bed,Unavailable
LOYALTY. FEAT. RIHANNA.,Unavailable
Too Good,"Oh yeah, yeah, yeah
Oh yeah, yeah, yeah
Yeah, look
I don't know how to talk to you
I don't know how to ask you if you're okay
My friends always feel the need to tell me things
Seems like they're just happier than us these days
Yeah, these days I don't know how to talk to you
I don't know how to be there when you need me
It feels like the only time you see me
Is when you turn your head to the side and look at me differently
Yeah, and last night I think I lost my patience
Last night I got high as the expectations
Last night, I came to a realization
And I hope you can take it
I hope you can take it
I'm too good to you
I'm way too good to you
You take my love for granted
I just don't understand it
No, I'm too good to you
I'm way too good to you
You take my love for granted
I just don't understand it
I don't know how to talk to you
I just know I found myself getting lost with you
Lately you just make me work too hard for you
Got me on flights overseas, and I still can't get across to you
And last night I think I lost my patience
Last night I got high as the expectations
Last night, I came to a realization
And I hope you can take it
I hope you can take it
I'm too good to you
I'm way too good to you
You take my love for granted
I just don't understand it
No, I'm too good to you
I'm way too good to you
You take my love for granted
I just don't understand it
Years go by too fast
I can't keep track
How long did we last?
I feel bad for asking
It can't end like this
We gotta take time with this
Cock up yuh bumper, sit down pon it
Let me see if this is something I can fix
You got somebody other than me
Don't play the victim when you're with me
Free time is costing me more than it seems
Sacrificing things
And I wanna tell you my intentions
I wanna do the things that I mention
I wanna benefit from the friendship
I wanna get the late night message from you, from you
I put my hands around you
Gotta get a handle on you
Gotta get a handle on the fact that
I'm too good to you
I'm way too good to you
You take my love for granted
I just don't understand it
No, I'm too good to you
I'm way too good to you
You take my love for granted
I just don't understand it
Gyal a you mi waan
Pay fi yuh visa meck yo fly out regular
Baby, cock up yuh bumper, sit down pon it
Gyal yo pum pum good and yuh fit
Mi wi give you everything weh deh in my wallet
And in my pocket
Cock up yuh bumper, sit down pon it
Gyal yo pum pum good and yuh fit
Mi wi give you everything weh deh in my wallet
And in my pocket"
SOS,"La-la-la, la-la-la, la-la-la-la-la, oh
You know, I've never felt like this before (oh, oh)
La-la-la, la-la-la, la-la-la-la-la, oh
This feels like, so unreal (oh, oh)
I'm obsessive when just one thought of you comes up
And I'm aggressive, just one thought ain't close enough
You got me stressing, incessantly pressing the issue
'Cause every moment gone you know I miss you
I'm the question, and you're of course the answer
Just hold me close, boy, 'cause I'm your tiny dancer
You make me shaken up, never mistaken
But I can't control myself, got me calling out for help
S-O-S, please, someone help me
It's not healthy for me to feel this
Y-O-U are making this hard
I can't take it, see it don't feel right
S-O-S, please, someone help me
It's not healthy for me to feel this
Y-O-U are making this hard
You got me tossing and turning, can't sleep at night
This time, please someone come and rescue me
'Cause you on my mind, it's got me losing it
I'm lost, you got me looking for the rest of me
Love is testing me, but still I'm losing it
This time, please someone come and rescue me
'Cause you on my mind, it's got me losing it
I'm lost, you got me looking for the rest of me
Got the best of me, so now I'm losing it
Just your presence, and I second guess my sanity
Yes, it's a lesson, it's unfair, you stole my vanity
My tummy's up in knots, and when I see you, it gets so hot
My common sense is out the door, can't seem to find the lock
Take on me (uh-huh), you know inside you feel it right
Take me on, I could just die up in your arms tonight
I melt with you, you got me head over heels (over heels)
Boy, you keep me hanging on, the way you make me feel
S-O-S, please, someone help me
It's not healthy for me to feel this
Y-O-U are making this hard (Y-O-U are)
You got me tossing and turning, can't sleep at night
This time, please someone come and rescue me
'Cause you on my mind, it's got me losing it ('cause you on my mind)
I'm lost, you got me looking for the rest of me
Love is testing me, but still I'm losing it
This time, please someone come and rescue me (someone come and rescue me)
'Cause you on my mind, it's got me losing it
I'm lost, you got me looking for the rest of me
Got the best of me, so now I'm losing it
Boy, you know you got me feeling open
And, boy, your love's enough with words unspoken
I said, boy, I'm telling you, you got me open
I don't know what to do, it's true
I'm going crazy over you, I'm begging
S-O-S, please, someone help me (somebody help me, yeah)
It's not healthy for me to feel this
Y-O-U are making this hard (oh, why you makin' this hard for me, baby?)
You got me tossing and turning, can't sleep at night
This time, please, someone come and rescue me (someone rescue me)
'Cause you on my mind, it's got me losing it
I'm lost, you got me lookin' for the rest of me
Love is testing me, but still I'm losing it
This time, please someone come and rescue me
'Cause you on my mind, it's got me losing it (all of the time)
I'm lost, you got me looking for the rest of me
Got the best of me, so now I'm losing it
La-la-la, la-la-la, la-la-la-la-la, oh
Oh, oh
La-la-la, la-la-la, la-la-la-la-la, oh
Oh, oh"
Desperado,"Desperado
Sitting in a old Monte Carlo
A man whose heart is hollow, uh
Take it easy
I'm not tryna go against you
Actually, I'm going withcha
Gotta get up out of here and
You ain't leaving me behind
I know you won't, 'cause we share common interests
You need me, there ain't no leaving me behind
Never, no, no, just want outta here, yeah
Once I'm gone, ain't no going back
If you want
We could be, runaways
Running from any sight of love
Yeah, yeah, there ain't nothing
There ain't nothing here for me
There ain't nothing here for me anymore
But I don't wanna be alone
Desperado
Sitting in an old Monte Carlo
We've both had our hearts broken, uh
Take it easy
I'm not tryna go against you
I can be a lone wolf witcha
Gotta get up out of here
And you ain't leaving me behind
I know you won't, 'cause we share common interests
You need me, there ain't no leaving me behind
Never, no, no, both want outta here, yeah
Once we're gone, ain't no going back
If you want
We could be runaways
Running from any sight of love
Yeah, yeah, there ain't nothing
There ain't nothing here for me
There ain't nothing here for me anymore
I don't wanna be alone
Dear desperado
Yeah, I don't wanna be alone
Dear desperado
Yeah, I don't wanna be alone
If you want
We could be runaways
Running from any sight of love
Yeah, yeah, there ain't nothing
There ain't nothing here for me
There ain't nothing here for me anymore
But I don't wanna be alone
If you want
We could be runaways
Running from any sight of love
Yeah, yeah, there ain't nothing
There ain't nothing here for me
There ain't nothing here for me anymore
But I don't wanna be alone
Yeah, yeah
Yeah, yeah
Yeah, yeah
Yeah, yeah
Yeah, yeah
Yeah, yeah"
Princess of China,"Oh, oh-oh-oh, oh-oh-oh, oh-oh-oh
Once upon a time somebody ran
Somebody ran away saying fast as I can
I got to go
I got to go
Once upon a time we fell apart
You're holding in your hands the two halves of my heart
Oh-oh, oh-oh-oh
Oh, oh-oh-oh, oh-oh-oh, oh-oh-oh
Once upon a time we burned bright
Now all we ever seem to do is fight
On and on
And on, and on, and on
Once upon a time on the same side
Once upon a time on the same side, in the same game
Now why'd you have to go?
Have to go and throw water on my flame
I could have been a princess, you'd be a king
Could've had a castle and worn a ring
But no, you let me go
I could have been a princess, you'd be a king
Could've had a castle and worn a ring
But no, you let me go
You stole my star
La, la, la, la, la, la, la, la
La, la, la, la, la, la, la, la
La, la, la, la
You stole my star
La, la, la, la, la, la, la, la
Oh, oh-oh-oh, oh-oh-oh, oh-oh-oh
Oh, oh-oh-oh, oh-oh-oh, oh-oh-oh
'Cause you really hurt me
No, you really hurt me
'Cause you really hurt me
No, you really hurt me
'Cause you really hurt me
Oh, you really hurt me
'Cause you really hurt me
Oh, you really hurt me"
Wild Thoughts (feat. Rihanna & Bryson Tiller),"Another one
We The Best music
DJ Khaled
I don't know if you could take it
Know you wanna see me nakey, nakey, naked
I wanna be your baby, baby, baby
Spinning and it's wet just like it came from Maytag
White girl wasted on that brown liquor
When I get like this I can't be around you
I'm too lit to dim down a notch
'Cause I could name some thangs that I'm gon' do
Wild, wild, wild
Wild, wild, wild thoughts
Wild, wild, wild
When I'm with you, all I get is wild thoughts
Wild, wild, wild
When I'm with you, all I get is wild thoughts
Let's go!
I hope you know I'm for the takin'
You know this cookie's for the baking (ugh)
Kitty, kitty, baby give that thing some rest
'Cause you done beat it like the '68 Jets
Diamonds ain't nothing when I'm rockin' with ya
Diamonds ain't nothing when I'm shinin' with ya
Just keep it white and black as if I'm ya sista
I'm too hip to hop around town out here with ya
I know I get
Wild, wild, wild
Wild, wild, wild thoughts
Wild, wild, wild
When I'm with you, all I get is wild thoughts
Wild, wild, wild
When I'm with you, all I get is wild thoughts
Ayy, uh huh, uh huh, I heard that pussy for the taking
I heard it got these other niggas goin' crazy
Yeah I treat you like a lady, lady
Fuck you 'til you're burned out, cremation
Make it cream, yeah, Wu-Tang
Throw that ass back, bouquet
Call me and I can get it juicy
I can tell you're gone off the D'usse
Careful mama watch what you say
You talking to me like ya new bae
Girl, talking like you tryna do things
Now that pipe got her running like she Usain, baby
You made me drown in it, ooh touche, baby
I'm carrying that water, Bobby Boucher, baby
You know I'ma slaughter like I'm Jason
Bust it, why you got it on safety?
White girl wasted on brown liquor
I probably shouldn't be around you
'Cause you get wild, wild, wild
You looking like there's nothing that you won't do
Ayy, girl that's when I told you
When I'm with you, all I get is wild thoughts
Wild, wild, wild
Wild, wild, wild thoughts
Wild, wild, wild
When I'm with you, all I get is wild thoughts
Wild, wild, wild
When I'm with you, all I get is wild thoughts
DJ Khaled!
Wild, wild, wild
Wild, wild, wild
When I'm with you, all I get is wild thoughts"
Unfaithful,"Story of my life, searching for the right
But it keeps avoiding me
Sorrow in my soul 'cause it seems that wrong
Really loves my company
He's more than a man and this is more than love
The reason that the sky is blue
The clouds are rolling in because I'm gone again
And to him, I just can't be true
And I know that he knows I'm unfaithful
And it kills him inside
To know that I am happy with some other guy
I can see him dying
I don't wanna do this anymore
I don't wanna be the reason why
Every time I walk out the door
I see him die a little more inside
I don't wanna hurt him anymore
I don't wanna take away his life
I don't wanna be a murderer
I feel it in the air as I'm doin' my hair
Preparing for another date
A kiss upon my cheek as he reluctantly
Asks if I'm gonna be out late
I say I won't be long, just hanging with the girls
A lie I didn't have to tell
Because we both know where I'm about to go
And we know it very well
'Cause I know that he knows I'm unfaithful
And it kills him inside
To know that I am happy with some other guy
I can see him dying
I don't wanna do this anymore
I don't wanna be the reason why
Every time I walk out the door
I see him die a little more inside
I don't wanna hurt him anymore
I don't wanna take away his life
I don't wanna be a murderer
Our love, his trust
I might as well take a gun and put it to his head
Get it over with
I don't wanna do this anymore
Whoa, anymore
And I don't wanna do this anymore
I don't wanna be the reason why
And every time I walk out the door
I see him die a little more inside
And I don't wanna hurt him anymore
I don't wanna take away his life
I don't wanna be a murderer
A murderer
No, no, no
Yeah, yeah"
Loveeeeeee Song,"Ain't nothin' wrong with it
I don't wanna give you the wrong impression
I need love and affection
And I hope I'm not sounding too desperate
I need love and affection
Love (oh-woah, oh, oh)
Love (oh-woah, oh, oh)
Love (oh-woah, oh)
Love and affection
Love (oh-woah, oh, oh)
Love (oh-woah, oh)
L-O-V-E-E-E and affection
Oh, baby
I'm not asking for the world, maybe
You can give me what I want, baby
Come hold me tight and when I'm drowning, save me
Give it to me on a daily
If I'm your girl, say my name boy, let me know I'm in control
We both grown so how we feel we can let it show
(I-I-I) won't play around
(I-I-I) I wanna lay you down
(I-I-I) I need you now, I need you now, oh-oh, oh
I don't wanna give you the wrong impression
I need love and affection
And I hope I'm not sounding too desperate
I need love and affection
Love (oh-woah, oh, oh)
Love (oh-woah, oh, oh)
Love (oh-woah, oh)
Love and affection
Love (oh-woah, oh, oh)
Love (oh-woah, oh)
L-O-V-E-E-E and affection
Boy, lately you've been stingy with your time
Got me wondering, I'm wondering if I'm on your mind
Boy, I just wanna be in your possession
You say I'm the one you want, so come express it
Don't slip, don't slip
'Cause a nigga might push up on it
Don't really wanna lose this moment
Why window shop when you own this?
(Ah-ah-ah) don't put it down
(I-I-I) don't fuck around
(I-I-I) I want you now, I want you now, oh, woah, oh
I don't wanna give you the wrong impression
I need love and affection
And I hope I'm not sounding too desperate
I need love and affection
Love (oh-woah, oh, oh)
Love (oh-woah, oh, oh)
Love (oh-woah, oh)
Love and affection
Love (oh-woah, oh, oh)
Love (oh-woah, oh)
L-O-V-E-E-E and affection
Can you love me for poor? (Let me know)
I'm searching for my soul (rockstar)
Whoever turned you cold (peep this)
You need to let him know
I can work miracles
I'll work it physical (physical)
And when I hold you close
You can hear my heart beating from my clothes (oh, woah)
Future
I don't wanna give you the wrong impression
I need love and affection
And I hope I'm not sounding too desperate
I need love and affection
Love (oh-woah, oh, oh)
Love (oh-woah, oh, oh)
Love (oh-woah, oh)
Love and affection
Love (oh-woah, oh, oh)
Love (oh-woah, oh)
L-O-V-E-E-E and affection"
Live Your Life,Unavailable
What's My Name?,Unavailable
BELIEVE IT,"Ayy Biz, good lookin', foo
Hey
Best make me believe it (Best make me be-)
Best make me believe it
Believe you won't deceive me
Hey
Best make me believe it (Best make me believe it)
Best make me believe it (Best make me believe it)
Believe you won't deceive me
First you gotta forgive me
Let me know everything gon' be okay
Even if I come out with everything I did
Would you still punish me even though I did it a long time ago?
If so, let me know
If I propose, would you say no?
Would you break my heart?
Would you embarrass me or play your part?
Baby, don't fold, my heart is yours
You got the power, p-- power
You got the power, p-- power
The floor is yours, the time is ours
Hey, either believe me or you don't
Choose to believe me or you won't
If you leave me, I'm skull and bones, I'm dead, baby
You told me
Hey (Ooh)
Best make me believe it (Best make me be-)
Best make me believe it
Believe you won't deceive me
Hey
Best make me believe it (Best make me believe it)
Best make me believe it (Best make me believe it)
Believe you won't deceive me
Bae
You told me that you'd kill me if I f-- up (Kill me if I f-- up)
You told me I'm a lucky mother-- (Lucky mother--)
You love 'em, but you never ever trust 'em
Never ever trust me, no (Never trust me, no)
There's two sides to the story (Sides to the story)
And that girl got a good PR (Good PR)
I knew we'd never make it far
Because I like my b-- black and mama tar
Oh, woah
Tell me you love me 'cause I know they won't
They wanna fit in for the photoshoot
Put them aside, baby, I notice you
My n-- hype, baby, they hypin' you
My family like it, yeah, they likin' you
My mama WhatsApp and she Skype you
She wanna know what it do
You say, ""Either way, you...""
Best make me believe it (Best make me be-)
Best make me believe it
Believe you won't deceive me
Hey
Best make me believe it (Best make me believe it)
Best make me believe it (Best make me believe it)
Believe you won't deceive me
Bae"
Bitch Better Have My Money,"Yayo, yayo
Mula-la
Yayo
Bitch better have my money
Y'all should know me well enough
Bitch better have my money
Please don't call me on my bluff
Pay me what you owe me
Ballin' bigger than LeBron
Bitch, give me your money
Who y'all think y'all frontin' on?
Like bra, bra, bra
Louis XIII, and it's all on me, nigga, you just bought a shot
Kamikaze, if you think that you gon' knock me off the top
Shit, your wife in the backseat of my brand new foreign car
Don't act like you forgot
I call the shots, shots, shots
Like bra, bra, bra
Pay me what you owe me, don't act like you forgot
Bitch better have my money
Bitch better have my money
Pay me what you owe me
Bitch better have my (bitch better have my)
Bitch better have my (bitch better have my)
Bitch better have my money
Turn up to Rihanna while the whole club fuckin' wasted
Every time I drop, I am the only thing y'all playin'
In a drop top, doin' hundred, y'all in my rearview mirror racin'
Where y'all at? Where y'all at? Where y'all at?
Like bra, bra, bra
Louis XIII, and it's all on me, nigga, you just bought a shot
Kamikaze, if you think that you gon' knock me off the top
Shit, your wife in the backseat of my brand new foreign car
Don't act like you forgot
I call the shots, shots, shots
Like bra, bra, bra
Pay me what you owe me, don't act like you forgot
Bitch better have my money
Bitch better have my money
Pay me what you owe me
Bitch better have my (bitch better have my)
Bitch better have my (bitch better have my)
Bitch better have my money
Bitch better have my money
Pay me what you owe me
Bitch better have my (bitch better have my)
Bitch better have my (bitch better have my)
Bitch better have my money
Bitch better have my money
Bitch better have my money
Bitch, bitch, bitch better have my money
Yo, that bitch better have my money
Hold up
My money
Yo, my money
That bitch better have my money
Bitch better have my money"
Te Amo,"Te amo, te amo
She says to me
I hear the pain in her voice
Then we danced underneath the candelabra
She takes the lead
That's when I saw it in her eyes, it's over
Then she said, ""Te amo"", then she put her hand around me waist
I told her, ""No"", she cried, ""Te amo""
I told her, ""I'm not gonna run away, but let me go""
My soul is awry
Without asking why, I said, ""Te amo""
Wish somebody'd tell me what she said
Don't it mean I love you?
Think it means I love you
Don't it mean I love you?
Te amo, te amo, she's scared to breathe
I hold her hand, I got no choice, uh
Pulled me out on the beach, danced in the water
I start to leave
She's begging me and asking why it's over
Then she said, ""Te amo"", then she put her hand around me waist
I told her, ""No"", she cried, ""Te amo""
I told her, ""I'm not gonna run away, but let me go""
My soul is awry
Without asking why, I said, ""Te amo""
Wish somebody'd tell me what she said
Don't it mean I love you?
Think it means I love you
Don't it mean I love you?
Listen, we can dance
But you gotta watch your hands
Watch me all night, I'm moving under the light because I understand
That we all need love
And I'm not afraid
To feel the love, but I don't feel that way
Then she said, ""Te amo"", then she put her hand around me waist
I told her, ""No"", she cried, ""Te amo""
I told her, ""I'm not gonna run away, but let me go""
My soul is awry
Without asking why, I said, ""Te amo""
Wish somebody'd tell me what she said
Don't it mean I love you?
Think it means I love you
Don't it mean I love you?
I think it means I love you, I love you
Te amo, te amo
Don't it mean I love you?"
You Da One,"You da one that I dream about all day
You da one that I think about always
You are the one, so I make sure I'll behave
My love is your love, your love is my love
Baby, I love you, I need you here with me all the time
Baby, we meant to be
You got me smilin' all the time
'Cause you know how to give me that
You know how to pull me back when I go runnin', runnin'
Tryna get away from loving ya
You know how to love me hard
I won't lie, I'm falling hard
Yep, I'm falling for ya, but there's nothin' wrong with that
You da one that I dream about all day
You da one that I think about always
You are the one, so I make sure I'll behave
My love is your love, your love is my love
You da one that I dream about all day
You da one that I think about always
You are the one, so I make sure I'll behave
My love is your love, your love is mine
Baby come, take me now
Hold me now, make me come alive
You got the sweetest touch
I'm so happy you came in my life
'Cause you know how to give me that
You know how to pull me back when I go runnin', runnin'
Tryna get away from loving ya
You know how to love me hard
I won't lie, I'm falling hard
Yep, I'm falling for ya, but there's nothin' wrong with that
You da one that I dream about all day
You da one that I think about always
You are the one, so I make sure I'll behave
My love is your love, your love is my love
You da one that I dream about all day
You da one that I think about always
You are the one, so I make sure I'll behave
My love is your love, your love is mine
And yes, I'm kinda crazy
That's what happens, baby
When you put it down
You shouldn't give it to me good like that
Shouldn't hit it like that
Had me yellin' like that
Didn't know you would've had me coming back
You the one that I'm feeling
You the one that I'm loving
Ain't no other niggas like you
No, there's just one, one, one, one, one, one
No, baby, just one, one, one, one
I bet you wanna know
You da one that I dream about all day
You da one that I think about always
You are the one, so I make sure I'll behave
My love is your love, your love is my love
You da one that I dream about all day
You da one that I think about always
You are the one, so I make sure I'll behave
My love is your love, your love is mine"
Rehab,"Baby, baby, when we first met
I never felt something so strong
You were like my lover and my best friend
All wrapped in one with a ribbon on it
And all of a sudden, you went and left
I didn't know how to follow
It's like a shot that spun me around
And now my heart left
I feel so empty and hollow
And I never gave myself to another the way I gave it to you
You don't even recognize the ways you hurt me, do you?
It's gonna take a miracle to bring me back
And you're the one to blame
And now I feel like, oh
You're the reason why I'm thinking
I don't wanna smoke on these cigarettes no more
I guess that's what I get for wishful thinking
I should've never let you enter my door
Next time you wanna go on and leave
I should just let you go on and do it (Do it)
'Cause now I'm using like I bleed
It's like I checked into rehab
And, baby you're my disease
It's like I checked into rehab
Baby, you're my disease
I gotta check into rehab
'Cause baby, you're my disease
I gotta check into rehab
'Cause baby, you're my disease
Damn, ain't it crazy when you're love swept?
You'd do anything for the one you love
'Cause anytime that you needed me I'd be there
It's like you were my favorite drug
The only problem is that you was using me
In a different way than I was using you
But now that I know it's not meant to be
You gotta go, I gotta wean myself off of you
And I never gave myself to another the way I gave it to you
You don't even recognize the way you hurt me, do you?
It's gonna take a miracle to bring me back
And you're the one to blame
'Cause now I feel like, oh
You're the reason why I'm thinking
I don't wanna smoke on these cigarettes no more
I guess that's what I get for wishful thinking
I should've never let you enter my door (Let you enter my door)
Next time you wanna go on and leave
I should just let you go on and do it (Do it)
'Cause now I'm using like I bleed (Using like I bleed)
It's like I checked into rehab (Oh)
And, baby you're my disease (You're my disease)
It's like I checked into rehab
Baby, you're my disease
I gotta check into rehab
'Cause, baby you're my disease (You're my disease)
I gotta check into rehab
'Cause, baby you're my disease
Oh, oh, oh, oh, oh-oh, oh, oh, oh
(Uh, now gimme that)
Oh, oh, oh, oh, oh-oh, oh, oh, oh
(Now ladies, gimme that)
Oh, oh, oh, oh, oh-oh, oh, oh, oh
(Uh, now gimme that)
Oh, oh, oh, oh, oh-oh, oh, oh, oh
Oh, you're the reason why I'm thinking
I don't wanna smoke on these cigarettes no more
I guess that's what I get for wishful thinking
I should've never let you enter my door
Next time you wanna go on and leave
I should just let you go on and do it (Do it)
'Cause now I'm using like I bleed
It's like I checked into rehab (Oh)
And, baby you're my disease
It's like I checked into rehab
Baby, you're my disease
I gotta check into rehab (Oh)
'Cause, baby you're my disease
I gotta check into rehab
'Cause, baby you're my disease"
Man Down,"Sak pasé
I didn't mean to end his life, I know it wasn't right
I can't even sleep at night, can't get it off my mind
I need to get out of sight, 'fore I end up behind bars
What started out as a simple altercation
Turned into a real sticky situation
Me just thinking on the time that I'm facing
Makes me wanna cry
'Cause I didn't mean to hurt him (him)
Coulda been somebody's son
And I took his heart when (when)
I pulled out that gun
Rum-pum-pum-pum
Rum-pum-pum-pum
Rum-pum-pum-pum
Man down
Rum-pum-pum-pum
Rum-pum-pum-pum
Rum-pum-pum-pum
Man down
Oh, mama, mama, mama
I just shot a man down
In central station
In front of a big ol' crowd
Oh, why? Oh, why?
Oh, mama, mama, mama
I just shot a man down
In central station
Little 22, I call her Peggy Sue
When she fits right down in my shoes
Whatchu expect me to do?
If you're playing me for a fool
I will lose my cool, and reach for my firearm
I didn't mean to lay him down
But it's too late to turn back now
Don't know what I was thinking
Now he's no longer living
So I'm 'bout to leave town, ayy-uh
'Cause I didn't mean to hurt him (him)
Coulda been somebody's son
And I took his heart when (when)
I pulled out that gun
Rum-pum-pum-pum
Rum-pum-pum-pum
Rum-pum-pum-pum
Man down
Rum-pum-pum-pum
Rum-pum-pum-pum
Rum-pum-pum-pum
Man down
Oh, mama, mama, mama
I just shot a man down
In central station
In front of a big ol' crowd
Oh, why? Oh, why?
Oh, mama, mama, mama
I just shot a man down (well, hear me now)
In central station
Said, I'd never thought I'd do it
Never thought I'd do it, never thought I'd do it
Oh gosh, what ever happened to me?
Ever happened to me, ever happened to me?
Why did I pull di trigger, pull di trigger, pull di trigger? Boom
And end a nigga, end a nigga life so soon
When me pull di trigger, pull di trigger, pull it pon you
Somebody tell me what I'm gonna, what I'm gonna do? Ayy
Rum-pum-pum-pum
Rum-pum-pum-pum
Rum-pum-pum-pum
Me say one man down, ah wah me say?
Rum-pum-pum-pum
Rum-pum-pum-pum
Rum-pum-pum-pum
When me went downtown
'Cause now I'm a criminal, criminal, criminal
Oh Lord ah mercy, now I am a criminal, man down
Tell di judge please gimme minimal
Run out a town, none ah dem can see me now, see me now
Oh, mama, mama, mama
I just shot a man down
In central station
In front of a big ol' crowd
Oh, why? Oh, why?
Oh, mama, mama, mama
I just shot a man down
In central station"
Pour It Up,"Throw it up, throw it up (throw up)
Watch it all fall out (fall out)
Pour it up, pour it up (pour up)
That's how we ball out (ball out)
Throw it up, throw it up (throw up)
Watch it all fall out (fall out)
Pour it up, pour it up (pour up)
That's how we ball out
Strip club and dollar bills
I still got my money
Patron shots, can I get a refill?
I still got my money
Strippers goin' up and down that pole
And I still got my money
Four o'clock and we ain't going home
'Cause I still got my money
Money make the world go 'round
I still got my money
Bands make your girl go down
And I still got my money
Lot more where that came from
I still got my money
The look in your eyes, I know you want some
I still got my money
Oh
All I see is signs
All I see is dollar signs
Oh
Money on my mind
Money, money on my mind
Throw it, throw it up
Watch it fall off from the sky
Throw it up, throw it up
Watch it all fall out
Pour it up, pour it up
That's how we ball out
Throw it up, throw it up
Watch it all fall out
Pour it up, pour it up
That's how we ball out
That's how we ball out
That's how we ball out
That's how we ball out
Valet cost a hundred bills
I still got my money
Gold all up in my grill
I still got my money
Who cares how you haters feel
And I still got my money
Call Jay up and close the deal
'Cause I still got my money
My fragrance on and they love my smell
I still got my money
So who cares about what I spend
I still got my money
My pocket's deep, and they never end
I still got my money
I'm going dumb with all my friends
I still got my money
Oh
All I see is signs
All I see is dollar signs
Oh
Money on my mind
Money, money on my mind
Throw it, throw it up
Watch it fall off from the sky
Throw it up, throw it up
Watch it all fall out
Pour it up, pour it up
That's how we ball out
Throw it up, throw it up
Watch it all fall out
Pour it up, pour it up
That's how we ball out
That's how we ball out
That's how we ball out
That's how we ball out"
"Dancing In The Dark - From The ""Home"" Soundtrack",Unavailable
Shut Up And Drive,"I've been looking for a driver who is qualified
So if you think that you're the one step into my ride
I'm a fine-tuned supersonic speed machine
Got a sunroof top and a gangster lead
So if you feel it, let me know, know, know
Come on now, what you waiting for, for, for?
My engine's ready to explode, explode, explode
So start me up and watch me go, go, go, go
Get you where you wanna go, if you know what I mean
Got a ride that's smoother than a limousine
Can you handle the curves, can you run all the lights
If you can, baby boy, then we can go all night
'Cause it's 0 to 60 in 3.5
Baby, you got the keys
Now shut up and drive, drive, drive
Shut up and drive, drive, drive
I got class like a '57 Cadillac
And overdrive with a whole lot of boom in the back
You look like you can handle what's under my hood
You keep saying that you will, boy, I wish you would
So if you feel it, let me know, know, know
Come on now, what you waiting for, for, for?
My engine's ready to explode, explode, explode
So start me up and watch me go, go, go, go
Get you where you wanna go, if you know what I mean
Got a ride that's smoother than a limousine
Can you handle the curves, can you run all the lights
If you can, baby boy, then we can go all night
'Cause it's 0 to 60 in 3.5
Baby, you got the keys
Now shut up and drive, drive, drive
Shut up and drive, drive, drive
'Cause your Maybach ain't got what I got
Get it, get it, don't stop, it's a sure shot
Ain't a Ferrari, huh, boy, I'm sorry
I ain't even worried, so step inside
And ride, ride, ride
So if you feel me, let me know, know, know
Come on now, what you waiting for, for, for?
My engine's ready to explode, explode, explode
So start me up and watch me go, go, go, go
Get you where you wanna go, if you know what I mean
Got a ride that's smoother than a limousine
Can you handle the curves, can you run all the lights
If you can, baby boy, then we can go all night
'Cause it's 0 to 60 in 3.5
Baby, you got the keys
Now shut up and drive, drive, drive
Shut up and drive, drive, drive
Shut up and drive, drive, drive
Shut up and drive, drive, drive"
Love The Way You Lie (Part II) - Pt. 2,"On the first page of our story
The future seemed so bright
Then this thing turned out so evil
I don't know why I'm still surprised
Even angels have their wicked schemes
And you take that to new extremes
But you'll always be my hero
Even though you've lost your mind
Just gonna stand there and watch me burn
Well, that's alright because I like the way it hurts
Just gonna stand there and hear me cry
Well, that's alright because I love the way you lie
I love the way you lie, oh
I love the way you lie
Now there's gravel in our voices
Glass is shattered from the fight
In this tug of war, you'll always win
Even when I'm right
'Cause you feed me fables from your hand
With violent words and empty threats
And it's sick that all these battles
Are what keeps me satisfied
Just gonna stand there and watch me burn
Well, that's alright because I like the way it hurts
Just gonna stand there and hear me cry
Well, that's alright because I love the way you lie
I love the way you lie, oh-oh
I love the way you lie, oh-oh-oh
So maybe I'm a masochist
I try to run, but I don't wanna ever leave
'Til the walls are goin' up
In smoke with all our memories
It's mornin', you wake, a sun ray hits your face
Smeared makeup as we lay in the wake of destruction (ssh)
Hush baby, speak softly, tell me you're awfully sorry
That you pushed me into the coffee table last night, so I can push you off me
Try and touch me, so I can scream at you not to touch me
Run out the room, and I'll follow you like a lost puppy
Baby, without you, I'm nothing, I'm so lost, hug me
Then tell me how ugly I am, but that you'll always love me
Then after that, shove me, in the aftermath of the
Destructive path that we're on, two psychopaths but we
Know that no matter how many knives we put in each other's backs
That we'll have each other's backs, 'cause we're that lucky
Together we move mountains, let's not make mountains out of molehills
You hit me twice, yeah, but who's countin'?
I may have hit you three times, I'm startin' to lose count
But together, we'll live forever, we found the youth fountain
Our love is crazy, we're nuts, but I refuse counsellin'
This house is too huge, if you move out, I'll burn all two thousand
Square feet of it to the ground, ain't - you can do about it
'Cause with you, I'm in my - mind, without you, I'm out it
Just gonna stand there and watch me burn
Well, that's all right because I like the way it hurts
Just gonna stand there and hear me cry
Well, that's all right because I love the way you lie
I love the way you lie
I love the way you lie
I love the way you lie
I love the way you lie"
Russian Roulette,"Take a breath, take it deep
Calm yourself, he says to me
If you play, you play for keeps
Take the gun, and count to three
I'm sweating now, I'm moving slow
No time to think, my turn to go
And you can see my heart, beating
You can see it through my chest
Said I'm terrified but I'm not leaving
I know that I must pass this test
So just pull the trigger (trigger, trigger, trigger...)
Say a prayer, to yourself
He says, close your eyes, sometimes it helps
And then I get, a scary thought
That he's here, means he's never lost
And you can see my heart, beating
Now you can see it through my chest
Said I'm terrified but I'm not leaving
I know that I must pass this test
So just pull the trigger
As my life flashes before my eyes
I'm wondering will I, ever see another sunrise?
So many won't get the chance to say goodbye
But it's too late to think of the value of my life
And you can see my heart, beating
Now you can see it through my chest
Said I'm terrified but I'm not leaving, no!
I know that I must pass this test
And you can see my heart, beating
Oh, you can see it through my chest
That I'm terrified but I'm not leaving, no!
I know that I must pass this test
So just pull the trigger (trigger, trigger, trigger...)"
